,V1,V2,V3,V4,V5,V6
F1,6431858060.179906,86179174.12017247,66323926.952423416,68868095.5060883,68759523.06923397,103532389.8998518
F2,63040.744596934645,37784.50135350668,40195.593219481336,41916.537576852366,42135.11026992339,35607.41159500431
F3,1192.4706711540834,529.3780307495429,533.0490066714441,532.0752833237382,531.6698773432734,525.968175244848
F4,7185.965501969792,1143.1764034124997,1078.093659679717,1093.6730958330138,1087.722878567934,1251.7172214740908
F5,500.0166020409767,500.0142411061571,500.0137407466299,500.01478338418144,500.0143547419336,500.01239257505466
F6,270868.9338398315,5491.007965089691,5783.978507574419,5919.488103532792,5923.103132871608,6425.025803207878
F7,1519.7599471687681,1505.2461189179617,1499.5637049322052,1521.7692076395688,1521.7700616191964,1490.1811437062768
F8,814.7233889511997,804.0049861917942,803.9999651465112,803.9599768852628,803.9750819553805,804.0966001912115
F9,13904.933014206526,15093.579012787017,15025.83712040387,15132.7171392916,15132.717139296325,15201.771555630077
F10,2489240.7630510097,76817.76580897761,85912.71498531676,83766.5641709443,83160.34766455804,86755.00515107872
F11,137738213.0885319,6433356.936534418,5661944.890469605,5111012.472838478,5359104.566352537,6803837.071939592
F12,301376554.4020294,840534.3190729879,912631.2623387864,926675.6385079566,896588.6281418469,1115838.7308458998
F13,1063381.3191192169,1103761.46003593,1030952.1298200032,1072576.9347856678,1072577.0309429856,1095306.6724441315
F14,45556667.80734654,160505.01466233455,107566.81309228414,110245.20603638914,110830.66462129408,121411.66915080855
F15,991814.6176099665,8053.74209401764,9307.110243877889,9238.555371538088,9258.219501388974,9623.68517113936
F16,57876.51054772418,69728.06936477785,98079.65699644314,91366.25847243152,91372.05982200484,56705.20026175173
F17,14108239.576223701,7961563.419388148,9630853.385089284,9423427.25729586,9416961.161451474,8147502.809691014
F18,14114880378.575043,349873.2351177159,351641.4419665085,263000.6958087333,259006.69016466654,282805.685025624
F19,3749.9423546415446,2155.567550885743,2167.9821908258014,2158.1072671229417,2156.968608741595,2194.0989547257914
F20,8625.543963853526,2936.9756480114897,2963.795565187684,2935.5281696716675,2937.6619955175124,3004.3297203540124
F21,2489.329921325596,2348.3338138810286,2343.7550545786353,2343.8314239797714,2343.8391051991903,2355.4368913900807
F22,16876.753999639786,4138.947210191915,3730.2449410973795,3693.5105360952853,3675.6306924596092,3990.427373935732
F23,9208.80836614966,3155.3885114284826,3098.453845285527,3088.5555572743433,3080.2381277001996,3405.1223111349273
F24,4874.89036981619,3599.6048946975325,3599.0782552142155,3596.62379377412,3599.9465223657235,3610.476300925646
F25,4831.638545343162,4092.8132148545437,4072.158034832753,4067.457441949904,4064.6252536372276,4073.297921579432
F26,3013.2716287060007,2996.9102444843747,2996.973704883487,2997.0094616616007,2997.009093462397,2996.660168112115
F27,2769.3836282539824,2700.807761421499,2700.902532034849,2700.8293314403413,2700.819922895283,2700.9011250089534
F28,12380.52673919922,5494.830608558158,6066.15479615766,6092.196272507981,6122.212698601014,5942.3367384048615
F29,3953399958.5206614,43026790.77459516,39778104.13039918,38721285.46269727,35914054.200040035,46784721.36928895
